iso,country.name,cown,year,deficit/gdp
AUS,Australia,900,1970,-1.530865423
AUS,Australia,900,1971,-1.497537832
AUS,Australia,900,1972,-1.96441138
AUS,Australia,900,1973,-0.828119555
AUS,Australia,900,1974,-3.450893296
AUS,Australia,900,1975,-4.302212395
AUS,Australia,900,1976,-4.178032275
AUS,Australia,900,1977,-5.077555223
AUS,Australia,900,1978,-4.767286898
AUS,Australia,900,1979,-3.156484858
AUS,Australia,900,1980,-3.331251438
AUS,Australia,900,1981,-3.730136128
AUS,Australia,900,1982,-5.699328433
AUS,Australia,900,1983,-6.086018985
AUS,Australia,900,1984,-5.793584914
AUS,Australia,900,1985,-5.204205185
AUS,Australia,900,1986,-3.525985459
AUS,Australia,900,1987,-1.786717539
AUS,Australia,900,1988,-1.036203182
AUS,Australia,900,1989,-2.089202692
AUS,Australia,900,1990,-3.316213915
AUS,Australia,900,1991,-5.801547679
AUS,Australia,900,1992,-6.181095614
AUS,Australia,900,1993,-4.421976116
AUS,Australia,900,1994,-4.152521296
AUS,Australia,900,1995,-2.905047204
AUS,Australia,900,1996,-1.128777524
AUS,Australia,900,1997,0.173440776
AUS,Australia,900,1998,0.724587408
AUS,Australia,900,1999,2.002393854
AUS,Australia,900,2000,-1.230479336
AUS,Australia,900,2001,-0.798601486
AUS,Australia,900,2002,0.720309557
AUS,Australia,900,2003,0.820027551
AUS,Australia,900,2004,0.973786349
AUS,Australia,900,2005,1.692545789
AUS,Australia,900,2006,1.642821927
AUS,Australia,900,2007,0.708151568
AUS,Australia,900,2008,-3.753709364
AUS,Australia,900,2009,-5.50005042
AUS,Australia,900,2010,-4.38468158
AUS,Australia,900,2011,-4.563602352
AUS,Australia,900,2012,-2.859346416
AUS,Australia,900,2013,-2.834232373
AUS,Australia,900,2014,-2.363137133
AUS,Australia,900,2015,-2.241438319
AUS,Australia,900,2016,-1.440910365
AUT,Austria,305,1995,-6.133971278
AUT,Austria,305,1996,-4.503610369
AUT,Austria,305,1997,-2.575791199
AUT,Austria,305,1998,-2.696226841
AUT,Austria,305,1999,-2.595886654
AUT,Austria,305,2000,-2.404669559
AUT,Austria,305,2001,-0.661575545
AUT,Austria,305,2002,-1.381174923
AUT,Austria,305,2003,-1.786425452
AUT,Austria,305,2004,-4.804986015
AUT,Austria,305,2005,-2.508353536
AUT,Austria,305,2006,-2.535440659
AUT,Austria,305,2007,-1.354608599
AUT,Austria,305,2008,-1.495265332
AUT,Austria,305,2009,-5.329709674
AUT,Austria,305,2010,-4.441277197
AUT,Austria,305,2011,-2.55356277
AUT,Austria,305,2012,-2.189058043
AUT,Austria,305,2013,-1.950077521
AUT,Austria,305,2014,-2.685392915
AUT,Austria,305,2015,-1.033759247
AUT,Austria,305,2016,-1.642943845
BEL,Belgium,211,1995,-4.445887311
BEL,Belgium,211,1996,-3.931326131
BEL,Belgium,211,1997,-2.124940313
BEL,Belgium,211,1998,-0.947973812
BEL,Belgium,211,1999,-0.550883198
BEL,Belgium,211,2000,-0.071914864
BEL,Belgium,211,2001,0.171903665
BEL,Belgium,211,2002,0.045298368
BEL,Belgium,211,2003,-1.761025204
BEL,Belgium,211,2004,-0.158146274
BEL,Belgium,211,2005,-2.757665962
BEL,Belgium,211,2006,0.223013322
BEL,Belgium,211,2007,0.068897995
BEL,Belgium,211,2008,-1.099964724
BEL,Belgium,211,2009,-5.379735312
BEL,Belgium,211,2010,-3.997337719
BEL,Belgium,211,2011,-4.12572938
BEL,Belgium,211,2012,-4.226476329
BEL,Belgium,211,2013,-3.137586347
BEL,Belgium,211,2014,-3.056322919
BEL,Belgium,211,2015,-2.471644732
BEL,Belgium,211,2016,-2.489549659
CAN,Canada,20,1981,-2.902040472
CAN,Canada,20,1982,-6.923440881
CAN,Canada,20,1983,-8.02900229
CAN,Canada,20,1984,-7.970137514
CAN,Canada,20,1985,-8.791647844
CAN,Canada,20,1986,-7.352083135
CAN,Canada,20,1987,-5.769977235
CAN,Canada,20,1988,-4.528980575
CAN,Canada,20,1989,-4.736288276
CAN,Canada,20,1990,-5.932781816
CAN,Canada,20,1991,-8.389524249
CAN,Canada,20,1992,-9.230201992
CAN,Canada,20,1993,-8.963911212
CAN,Canada,20,1994,-6.957633055
CAN,Canada,20,1995,-5.507175746
CAN,Canada,20,1996,-3.062578251
CAN,Canada,20,1997,0.038831643
CAN,Canada,20,1998,0.143177975
CAN,Canada,20,1999,1.661297259
CAN,Canada,20,2000,2.648542245
CAN,Canada,20,2001,0.531343571
CAN,Canada,20,2002,-0.234729943
CAN,Canada,20,2003,-0.127407893
CAN,Canada,20,2004,0.770295182
CAN,Canada,20,2005,1.558120235
CAN,Canada,20,2006,1.832989659
CAN,Canada,20,2007,1.824430644
CAN,Canada,20,2008,0.184945094
CAN,Canada,20,2009,-3.891180421
CAN,Canada,20,2010,-4.748726032
CAN,Canada,20,2011,-3.316475707
CAN,Canada,20,2012,-2.530601138
CAN,Canada,20,2013,-1.872802078
CAN,Canada,20,2014,0.175009032
CAN,Canada,20,2015,-0.129679971
CAN,Canada,20,2016,-1.09687714
CAN,Canada,20,2017,-0.97039025
CZE,Czechia,316,1995,-12.43268763
CZE,Czechia,316,1996,-3.012249621
CZE,Czechia,316,1997,-3.184316328
CZE,Czechia,316,1998,-4.181627841
CZE,Czechia,316,1999,-3.132022278
CZE,Czechia,316,2000,-3.574525099
CZE,Czechia,316,2001,-5.48497085
CZE,Czechia,316,2002,-6.356287412
CZE,Czechia,316,2003,-6.884544521
CZE,Czechia,316,2004,-2.381268033
CZE,Czechia,316,2005,-2.991334273
CZE,Czechia,316,2006,-2.171516836
CZE,Czechia,316,2007,-0.653521755
CZE,Czechia,316,2008,-1.97968896
CZE,Czechia,316,2009,-5.450094379
CZE,Czechia,316,2010,-4.189741535
CZE,Czechia,316,2011,-2.72440939
CZE,Czechia,316,2012,-3.929937398
CZE,Czechia,316,2013,-1.247618425
CZE,Czechia,316,2014,-1.925523015
CZE,Czechia,316,2015,-0.630164653
CZE,Czechia,316,2016,0.73314981
DNK,Denmark,390,1995,-3.618293788
DNK,Denmark,390,1996,-2.482573914
DNK,Denmark,390,1997,-1.200213938
DNK,Denmark,390,1998,-0.388536815
DNK,Denmark,390,1999,0.868853608
DNK,Denmark,390,2000,1.887314306
DNK,Denmark,390,2001,1.14055439
DNK,Denmark,390,2002,-0.015387114
DNK,Denmark,390,2003,-0.133147637
DNK,Denmark,390,2004,2.073172594
DNK,Denmark,390,2005,4.955031072
DNK,Denmark,390,2006,4.987100686
DNK,Denmark,390,2007,5.020458983
DNK,Denmark,390,2008,3.173907975
DNK,Denmark,390,2009,-2.798141618
DNK,Denmark,390,2010,-2.710270878
DNK,Denmark,390,2011,-2.055766184
DNK,Denmark,390,2012,-3.490444865
DNK,Denmark,390,2013,-1.235647209
DNK,Denmark,390,2014,1.144427647
DNK,Denmark,390,2015,-1.471011905
DNK,Denmark,390,2016,-0.408768409
FIN,Finland,375,1975,4.964857797
FIN,Finland,375,1976,7.646863851
FIN,Finland,375,1977,6.276497614
FIN,Finland,375,1978,3.868496469
FIN,Finland,375,1979,3.437295447
FIN,Finland,375,1980,3.746808384
FIN,Finland,375,1981,5.134666877
FIN,Finland,375,1982,3.081879947
FIN,Finland,375,1983,1.537978657
FIN,Finland,375,1984,3.243111892
FIN,Finland,375,1985,3.362786309
FIN,Finland,375,1986,3.825310807
FIN,Finland,375,1987,1.645732166
FIN,Finland,375,1988,5.177580322
FIN,Finland,375,1989,6.71717348
FIN,Finland,375,1990,5.31150423
FIN,Finland,375,1991,-0.911892551
FIN,Finland,375,1992,-5.309244331
FIN,Finland,375,1993,-8.068992863
FIN,Finland,375,1994,-6.470341971
FIN,Finland,375,1995,-5.928609116
FIN,Finland,375,1996,-3.247109543
FIN,Finland,375,1997,-1.20916036
FIN,Finland,375,1998,1.635626589
FIN,Finland,375,1999,1.68369799
FIN,Finland,375,2000,6.855226367
FIN,Finland,375,2001,4.982795267
FIN,Finland,375,2002,4.071104397
FIN,Finland,375,2003,2.441792187
FIN,Finland,375,2004,2.209784385
FIN,Finland,375,2005,2.593270757
FIN,Finland,375,2006,3.931314957
FIN,Finland,375,2007,5.132808815
FIN,Finland,375,2008,4.180454388
FIN,Finland,375,2009,-2.528324191
FIN,Finland,375,2010,-2.609834313
FIN,Finland,375,2011,-1.044349288
FIN,Finland,375,2012,-2.183259674
FIN,Finland,375,2013,-2.613874436
FIN,Finland,375,2014,-3.210625189
FIN,Finland,375,2015,-2.758535142
FIN,Finland,375,2016,-1.792161206
FRA,France,220,1978,-1.790750222
FRA,France,220,1979,-0.461157149
FRA,France,220,1980,-0.408419037
FRA,France,220,1981,-2.381012873
FRA,France,220,1982,-2.809242931
FRA,France,220,1983,-2.512499694
FRA,France,220,1984,-2.705848533
FRA,France,220,1985,-2.94224
FRA,France,220,1986,-3.165723956
FRA,France,220,1987,-1.983771154
FRA,France,220,1988,-2.531405873
FRA,France,220,1989,-1.753174228
FRA,France,220,1990,-2.401790243
FRA,France,220,1991,-2.826967529
FRA,France,220,1992,-4.55472665
FRA,France,220,1993,-6.298828635
FRA,France,220,1994,-5.369348714
FRA,France,220,1995,-5.124464577
FRA,France,220,1996,-3.899678303
FRA,France,220,1997,-3.626035689
FRA,France,220,1998,-2.40665128
FRA,France,220,1999,-1.578372897
FRA,France,220,2000,-1.318518848
FRA,France,220,2001,-1.436526182
FRA,France,220,2002,-3.087704068
FRA,France,220,2003,-3.859443838
FRA,France,220,2004,-3.48897566
FRA,France,220,2005,-3.165332752
FRA,France,220,2006,-2.341810435
FRA,France,220,2007,-2.5436996
FRA,France,220,2008,-3.183255255
FRA,France,220,2009,-7.182092782
FRA,France,220,2010,-6.813925176
FRA,France,220,2011,-5.133337607
FRA,France,220,2012,-4.816023928
FRA,France,220,2013,-4.135480528
FRA,France,220,2014,-3.926832119
FRA,France,220,2015,-3.592628528
FRA,France,220,2016,-3.407935099
DEU,Germany,255,1995,-9.426662032
DEU,Germany,255,1996,-3.542350181
DEU,Germany,255,1997,-2.945111815
DEU,Germany,255,1998,-2.531822438
DEU,Germany,255,1999,-1.698210065
DEU,Germany,255,2000,0.858926142
DEU,Germany,255,2001,-3.111590247
DEU,Germany,255,2002,-3.94420832
DEU,Germany,255,2003,-4.175615293
DEU,Germany,255,2004,-3.740784455
DEU,Germany,255,2005,-3.416939753
DEU,Germany,255,2006,-1.721508409
DEU,Germany,255,2007,0.187249078
DEU,Germany,255,2008,-0.17687197
DEU,Germany,255,2009,-3.234997643
DEU,Germany,255,2010,-4.220987109
DEU,Germany,255,2011,-0.956783273
DEU,Germany,255,2012,-0.033680654
DEU,Germany,255,2013,-0.140363168
DEU,Germany,255,2014,0.325152516
DEU,Germany,255,2015,0.637294038
DEU,Germany,255,2016,0.816590067
GRC,Greece,350,1995,-9.730979547
GRC,Greece,350,1996,-8.15826266
GRC,Greece,350,1997,-6.056026225
GRC,Greece,350,1998,-6.268433569
GRC,Greece,350,1999,-5.793462652
GRC,Greece,350,2000,-4.0630872
GRC,Greece,350,2001,-5.466055745
GRC,Greece,350,2002,-6.024075591
GRC,Greece,350,2003,-7.830423452
GRC,Greece,350,2004,-8.827879771
GRC,Greece,350,2005,-6.187942655
GRC,Greece,350,2006,-5.94597758
GRC,Greece,350,2007,-6.707074634
GRC,Greece,350,2008,-10.17602394
GRC,Greece,350,2009,-15.14139977
GRC,Greece,350,2010,-11.19711452
GRC,Greece,350,2011,-10.27875911
GRC,Greece,350,2012,-8.891031665
GRC,Greece,350,2013,-13.15994312
GRC,Greece,350,2014,-3.586211942
GRC,Greece,350,2015,-5.718839935
GRC,Greece,350,2016,0.453503639
HUN,Hungary,310,1995,-8.604722058
HUN,Hungary,310,1996,-4.368389928
HUN,Hungary,310,1997,-5.527835309
HUN,Hungary,310,1998,-7.448474825
HUN,Hungary,310,1999,-5.127077065
HUN,Hungary,310,2000,-3.02665738
HUN,Hungary,310,2001,-4.048995229
HUN,Hungary,310,2002,-8.826551825
HUN,Hungary,310,2003,-7.116201658
HUN,Hungary,310,2004,-6.535440333
HUN,Hungary,310,2005,-7.770954455
HUN,Hungary,310,2006,-9.272919105
HUN,Hungary,310,2007,-5.024701118
HUN,Hungary,310,2008,-3.680953959
HUN,Hungary,310,2009,-4.538781357
HUN,Hungary,310,2010,-4.474196296
HUN,Hungary,310,2011,-5.414108309
HUN,Hungary,310,2012,-2.399351879
HUN,Hungary,310,2013,-2.620975574
HUN,Hungary,310,2014,-2.746690056
HUN,Hungary,310,2015,-1.993538274
HUN,Hungary,310,2016,-1.853547286
ISL,Iceland,395,1998,-0.649857859
ISL,Iceland,395,1999,0.822359689
ISL,Iceland,395,2000,1.233576799
ISL,Iceland,395,2001,-0.975029441
ISL,Iceland,395,2002,-2.794513783
ISL,Iceland,395,2003,-3.124631783
ISL,Iceland,395,2004,-0.325354982
ISL,Iceland,395,2005,4.47820773
ISL,Iceland,395,2006,5.863506788
ISL,Iceland,395,2007,4.911245245
ISL,Iceland,395,2008,-13.02998308
ISL,Iceland,395,2009,-9.636919057
ISL,Iceland,395,2010,-9.720573237
ISL,Iceland,395,2011,-5.563274077
ISL,Iceland,395,2012,-3.717699045
ISL,Iceland,395,2013,-1.831779781
ISL,Iceland,395,2014,-0.074118589
ISL,Iceland,395,2015,-0.813481812
ISL,Iceland,395,2016,12.63941294
IRL,Ireland,205,1995,-2.142023885
IRL,Ireland,205,1996,-0.255634164
IRL,Ireland,205,1997,1.326007442
IRL,Ireland,205,1998,2.026812032
IRL,Ireland,205,1999,2.417915887
IRL,Ireland,205,2000,4.866820792
IRL,Ireland,205,2001,0.969762187
IRL,Ireland,205,2002,-0.513670874
IRL,Ireland,205,2003,0.360650055
IRL,Ireland,205,2004,1.314485876
IRL,Ireland,205,2005,1.589949958
IRL,Ireland,205,2006,2.794783323
IRL,Ireland,205,2007,0.288785485
IRL,Ireland,205,2008,-6.999067059
IRL,Ireland,205,2009,-13.79722371
IRL,Ireland,205,2010,-32.05036913
IRL,Ireland,205,2011,-12.72894407
IRL,Ireland,205,2012,-8.037405392
IRL,Ireland,205,2013,-6.111883144
IRL,Ireland,205,2014,-3.649092012
IRL,Ireland,205,2015,-1.896057381
IRL,Ireland,205,2016,-0.692147208
ITA,Italy,325,1995,-7.253330361
ITA,Italy,325,1996,-6.651063604
ITA,Italy,325,1997,-3.011939414
ITA,Italy,325,1998,-3.021243074
ITA,Italy,325,1999,-1.804503348
ITA,Italy,325,2000,-1.323686443
ITA,Italy,325,2001,-3.393204445
ITA,Italy,325,2002,-3.073129606
ITA,Italy,325,2003,-3.413581096
ITA,Italy,325,2004,-3.566924224
ITA,Italy,325,2005,-4.173386305
ITA,Italy,325,2006,-3.587339634
ITA,Italy,325,2007,-1.526574992
ITA,Italy,325,2008,-2.691908125
ITA,Italy,325,2009,-5.26938416
ITA,Italy,325,2010,-4.245583321
ITA,Italy,325,2011,-3.711900893
ITA,Italy,325,2012,-2.926735533
ITA,Italy,325,2013,-2.949833388
ITA,Italy,325,2014,-3.030039205
ITA,Italy,325,2015,-2.583893489
ITA,Italy,325,2016,-2.494842048
JPN,Japan,740,2005,-4.410027382
JPN,Japan,740,2006,-2.970792004
JPN,Japan,740,2007,-2.756333505
JPN,Japan,740,2008,-4.119426397
JPN,Japan,740,2009,-9.776445809
JPN,Japan,740,2010,-9.146026442
JPN,Japan,740,2011,-9.088060137
JPN,Japan,740,2012,-8.302515854
JPN,Japan,740,2013,-7.64182524
JPN,Japan,740,2014,-5.383010687
JPN,Japan,740,2015,-3.551523368
JPN,Japan,740,2016,-3.423000049
KOR,South Korea,732,1970,0.153857163
KOR,South Korea,732,1971,-0.969912329
KOR,South Korea,732,1972,-2.521245129
KOR,South Korea,732,1973,-2.307064478
KOR,South Korea,732,1974,-1.808398584
KOR,South Korea,732,1975,-4.144653549
KOR,South Korea,732,1976,-1.179474371
KOR,South Korea,732,1977,-1.998887707
KOR,South Korea,732,1978,-0.342883176
KOR,South Korea,732,1979,-0.223781693
KOR,South Korea,732,1980,-1.132975098
KOR,South Korea,732,1981,-3.253588517
KOR,South Korea,732,1982,-0.187130883
KOR,South Korea,732,1983,0.964905524
KOR,South Korea,732,1984,1.436377088
KOR,South Korea,732,1985,0.719512698
KOR,South Korea,732,1986,1.294086225
KOR,South Korea,732,1987,2.079615723
KOR,South Korea,732,1988,2.73360662
KOR,South Korea,732,1989,2.293203195
KOR,South Korea,732,1990,2.402885405
KOR,South Korea,732,1991,1.234483659
KOR,South Korea,732,1992,1.010475454
KOR,South Korea,732,1993,1.628032303
KOR,South Korea,732,1994,2.541071787
KOR,South Korea,732,1995,3.072550091
KOR,South Korea,732,1996,3.19405463
KOR,South Korea,732,1997,2.71290255
KOR,South Korea,732,1998,0.647597758
KOR,South Korea,732,1999,1.641783076
KOR,South Korea,732,2000,4.358638418
KOR,South Korea,732,2001,2.965088745
KOR,South Korea,732,2002,3.514560026
KOR,South Korea,732,2003,-1.963830255
KOR,South Korea,732,2004,0.231349706
KOR,South Korea,732,2005,1.55166796
KOR,South Korea,732,2006,2.333656918
KOR,South Korea,732,2007,4.236124571
KOR,South Korea,732,2008,2.338078983
KOR,South Korea,732,2009,-1.316783649
KOR,South Korea,732,2010,0.973446781
KOR,South Korea,732,2011,0.975147091
KOR,South Korea,732,2012,1.012641631
KOR,South Korea,732,2013,1.335755811
KOR,South Korea,732,2014,1.268949779
KOR,South Korea,732,2015,1.281637599
KOR,South Korea,732,2016,2.11721996
LUX,Luxembourg,212,1995,2.668629907
LUX,Luxembourg,212,1996,1.592839534
LUX,Luxembourg,212,1997,2.801249953
LUX,Luxembourg,212,1998,3.234901921
LUX,Luxembourg,212,1999,3.479576552
LUX,Luxembourg,212,2000,5.888406463
LUX,Luxembourg,212,2001,5.909407096
LUX,Luxembourg,212,2002,2.44083305
LUX,Luxembourg,212,2003,0.185964528
LUX,Luxembourg,212,2004,-1.283097372
LUX,Luxembourg,212,2005,0.077619689
LUX,Luxembourg,212,2006,1.935906842
LUX,Luxembourg,212,2007,4.151201902
LUX,Luxembourg,212,2008,3.319871778
LUX,Luxembourg,212,2009,-0.674725529
LUX,Luxembourg,212,2010,-0.658248886
LUX,Luxembourg,212,2011,0.512850262
LUX,Luxembourg,212,2012,0.344962079
LUX,Luxembourg,212,2013,0.975437841
LUX,Luxembourg,212,2014,1.344048574
LUX,Luxembourg,212,2015,1.381884059
LUX,Luxembourg,212,2016,1.631480855
MEX,Mexico,70,2003,0.356900733
MEX,Mexico,70,2004,1.563001189
MEX,Mexico,70,2005,1.537204091
MEX,Mexico,70,2006,0.742129165
MEX,Mexico,70,2007,0.151237802
MEX,Mexico,70,2008,-0.163942809
MEX,Mexico,70,2009,-0.589805515
MEX,Mexico,70,2010,-0.581602726
MEX,Mexico,70,2011,-0.077098579
MEX,Mexico,70,2012,-0.1255565
MEX,Mexico,70,2013,0.217828694
MEX,Mexico,70,2014,-0.611474906
MEX,Mexico,70,2015,-0.867126283
NLD,Netherlands,210,1995,-8.591908182
NLD,Netherlands,210,1996,-1.727161812
NLD,Netherlands,210,1997,-1.273012733
NLD,Netherlands,210,1998,-0.904665888
NLD,Netherlands,210,1999,0.326151413
NLD,Netherlands,210,2000,1.879208411
NLD,Netherlands,210,2001,-0.348230319
NLD,Netherlands,210,2002,-2.079470011
NLD,Netherlands,210,2003,-3.016355781
NLD,Netherlands,210,2004,-1.72271963
NLD,Netherlands,210,2005,-0.256044163
NLD,Netherlands,210,2006,0.210458347
NLD,Netherlands,210,2007,0.211648839
NLD,Netherlands,210,2008,0.223730097
NLD,Netherlands,210,2009,-5.430903261
NLD,Netherlands,210,2010,-4.991512434
NLD,Netherlands,210,2011,-4.288498419
NLD,Netherlands,210,2012,-3.884903683
NLD,Netherlands,210,2013,-2.374116811
NLD,Netherlands,210,2014,-2.266639317
NLD,Netherlands,210,2015,-2.05118976
NLD,Netherlands,210,2016,0.366189847
NOR,Norway,385,1995,3.154007168
NOR,Norway,385,1996,6.162098199
NOR,Norway,385,1997,7.486743466
NOR,Norway,385,1998,3.252171611
NOR,Norway,385,1999,5.872476991
NOR,Norway,385,2000,15.10213637
NOR,Norway,385,2001,13.18566904
NOR,Norway,385,2002,9.050488373
NOR,Norway,385,2003,7.245558044
NOR,Norway,385,2004,10.92312432
NOR,Norway,385,2005,14.81928583
NOR,Norway,385,2006,18.02075735
NOR,Norway,385,2007,17.11308169
NOR,Norway,385,2008,18.67136971
NOR,Norway,385,2009,10.33235467
NOR,Norway,385,2010,10.99382012
NOR,Norway,385,2011,13.43011101
NOR,Norway,385,2012,13.83137854
NOR,Norway,385,2013,10.7729449
NOR,Norway,385,2014,8.748246159
NOR,Norway,385,2015,6.058947133
NOR,Norway,385,2016,3.997969864
POL,Poland,290,1995,-4.180072704
POL,Poland,290,1996,-4.53639996
POL,Poland,290,1997,-4.551604656
POL,Poland,290,1998,-4.165525434
POL,Poland,290,1999,-2.245402035
POL,Poland,290,2000,-2.970949113
POL,Poland,290,2001,-4.783364574
POL,Poland,290,2002,-4.845685637
POL,Poland,290,2003,-6.077098578
POL,Poland,290,2004,-5.043823454
POL,Poland,290,2005,-3.9618443
POL,Poland,290,2006,-3.5573141
POL,Poland,290,2007,-1.852973
POL,Poland,290,2008,-3.600117879
POL,Poland,290,2009,-7.252690554
POL,Poland,290,2010,-7.34215366
POL,Poland,290,2011,-4.827217352
POL,Poland,290,2012,-3.711738804
POL,Poland,290,2013,-4.112873779
POL,Poland,290,2014,-3.594653119
POL,Poland,290,2015,-2.639141443
POL,Poland,290,2016,-2.467937526
PRT,Portugal,235,1995,-5.178167986
PRT,Portugal,235,1996,-4.737667954
PRT,Portugal,235,1997,-3.70466472
PRT,Portugal,235,1998,-4.386289517
PRT,Portugal,235,1999,-3.030586281
PRT,Portugal,235,2000,-3.214900592
PRT,Portugal,235,2001,-4.788404371
PRT,Portugal,235,2002,-3.340290099
PRT,Portugal,235,2003,-4.421588796
PRT,Portugal,235,2004,-6.194527953
PRT,Portugal,235,2005,-6.19379042
PRT,Portugal,235,2006,-4.327560066
PRT,Portugal,235,2007,-3.008761435
PRT,Portugal,235,2008,-3.765663203
PRT,Portugal,235,2009,-9.805526634
PRT,Portugal,235,2010,-11.17113878
PRT,Portugal,235,2011,-7.38284137
PRT,Portugal,235,2012,-5.658666822
PRT,Portugal,235,2013,-4.842423556
PRT,Portugal,235,2014,-7.165661379
PRT,Portugal,235,2015,-4.40343215
PRT,Portugal,235,2016,-1.975902959
SVK,Slovakia,317,1995,-3.341701811
SVK,Slovakia,317,1996,-9.720843551
SVK,Slovakia,317,1997,-6.162654767
SVK,Slovakia,317,1998,-5.205435198
SVK,Slovakia,317,1999,-7.276231085
SVK,Slovakia,317,2000,-12.02343474
SVK,Slovakia,317,2001,-6.401312107
SVK,Slovakia,317,2002,-8.088043935
SVK,Slovakia,317,2003,-2.703025426
SVK,Slovakia,317,2004,-2.308470173
SVK,Slovakia,317,2005,-2.883323113
SVK,Slovakia,317,2006,-3.591975662
SVK,Slovakia,317,2007,-1.948761854
SVK,Slovakia,317,2008,-2.427756749
SVK,Slovakia,317,2009,-7.804203551
SVK,Slovakia,317,2010,-7.484926001
SVK,Slovakia,317,2011,-4.276949654
SVK,Slovakia,317,2012,-4.34489321
SVK,Slovakia,317,2013,-2.719985782
SVK,Slovakia,317,2014,-2.702299577
SVK,Slovakia,317,2015,-2.737246342
SVK,Slovakia,317,2016,-2.185857435
ESP,Spain,230,1995,-7.037752239
ESP,Spain,230,1996,-5.372219217
ESP,Spain,230,1997,-3.913143351
ESP,Spain,230,1998,-2.948873912
ESP,Spain,230,1999,-1.322697016
ESP,Spain,230,2000,-1.099574468
ESP,Spain,230,2001,-0.545081827
ESP,Spain,230,2002,-0.411056897
ESP,Spain,230,2003,-0.35931557
ESP,Spain,230,2004,-0.039237538
ESP,Spain,230,2005,1.209586424
ESP,Spain,230,2006,2.199957539
ESP,Spain,230,2007,1.923747718
ESP,Spain,230,2008,-4.420524536
ESP,Spain,230,2009,-10.95350363
ESP,Spain,230,2010,-9.381137626
ESP,Spain,230,2011,-9.642122138
ESP,Spain,230,2012,-10.46791977
ESP,Spain,230,2013,-6.989128326
ESP,Spain,230,2014,-5.968472375
ESP,Spain,230,2015,-5.278157923
ESP,Spain,230,2016,-4.506035643
SWE,Sweden,380,1995,-7.02838558
SWE,Sweden,380,1996,-3.111139866
SWE,Sweden,380,1997,-1.574536427
SWE,Sweden,380,1998,0.838834966
SWE,Sweden,380,1999,0.758449836
SWE,Sweden,380,2000,3.224977083
SWE,Sweden,380,2001,1.423694479
SWE,Sweden,380,2002,-1.452754919
SWE,Sweden,380,2003,-1.282229408
SWE,Sweden,380,2004,0.3511086
SWE,Sweden,380,2005,1.829568625
SWE,Sweden,380,2006,2.206041081
SWE,Sweden,380,2007,3.354571492
SWE,Sweden,380,2008,1.900461064
SWE,Sweden,380,2009,-0.71682942
SWE,Sweden,380,2010,-0.032301191
SWE,Sweden,380,2011,-0.207188308
SWE,Sweden,380,2012,-0.981898611
SWE,Sweden,380,2013,-1.364966634
SWE,Sweden,380,2014,-1.560566343
SWE,Sweden,380,2015,0.183172772
SWE,Sweden,380,2016,1.185819476
CHE,Switzerland,225,1995,-1.871825438
CHE,Switzerland,225,1996,-2.051205344
CHE,Switzerland,225,1997,-2.365399484
CHE,Switzerland,225,1998,-1.322008865
CHE,Switzerland,225,1999,-1.604875472
CHE,Switzerland,225,2000,0.424522294
CHE,Switzerland,225,2001,0.279929775
CHE,Switzerland,225,2002,-1.784525658
CHE,Switzerland,225,2003,-1.386497067
CHE,Switzerland,225,2004,-1.423187865
CHE,Switzerland,225,2005,-0.672993407
CHE,Switzerland,225,2006,0.855060416
CHE,Switzerland,225,2007,1.605565759
CHE,Switzerland,225,2008,1.928669825
CHE,Switzerland,225,2009,0.503320665
CHE,Switzerland,225,2010,0.355736788
CHE,Switzerland,225,2011,0.735030139
CHE,Switzerland,225,2012,0.382196517
CHE,Switzerland,225,2013,-0.42922263
CHE,Switzerland,225,2014,-0.214292264
CHE,Switzerland,225,2015,0.647653337
CHE,Switzerland,225,2016,0.333079021
TUR,Turkey,640,2009,-6.17397425
TUR,Turkey,640,2010,-2.684435359
TUR,Turkey,640,2011,-0.741717203
TUR,Turkey,640,2012,-0.188460338
TUR,Turkey,640,2013,0.205140758
TUR,Turkey,640,2014,0.244495831
TUR,Turkey,640,2015,1.309453925
GBR,United Kingdom,200,1990,-1.740696766
GBR,United Kingdom,200,1991,-2.967130991
GBR,United Kingdom,200,1992,-6.100540042
GBR,United Kingdom,200,1993,-7.439659533
GBR,United Kingdom,200,1994,-6.430522977
GBR,United Kingdom,200,1995,-5.192004047
GBR,United Kingdom,200,1996,-3.755028908
GBR,United Kingdom,200,1997,-2.079288632
GBR,United Kingdom,200,1998,-0.313241345
GBR,United Kingdom,200,1999,0.655255546
GBR,United Kingdom,200,2000,1.396893487
GBR,United Kingdom,200,2001,0.249275831
GBR,United Kingdom,200,2002,-1.863491434
GBR,United Kingdom,200,2003,-3.132676608
GBR,United Kingdom,200,2004,-3.071313367
GBR,United Kingdom,200,2005,-3.143136183
GBR,United Kingdom,200,2006,-2.761448237
GBR,United Kingdom,200,2007,-2.635944461
GBR,United Kingdom,200,2008,-5.173081534
GBR,United Kingdom,200,2009,-10.12307
GBR,United Kingdom,200,2010,-9.417441991
GBR,United Kingdom,200,2011,-7.471765597
GBR,United Kingdom,200,2012,-8.151967838
GBR,United Kingdom,200,2013,-5.396067682
GBR,United Kingdom,200,2014,-5.442549027
GBR,United Kingdom,200,2015,-4.264013465
GBR,United Kingdom,200,2016,-2.951697413
USA,United States,2,1970,-4.276948072
USA,United States,2,1971,-5.099891246
USA,United States,2,1972,-3.801866585
USA,United States,2,1973,-2.446188405
USA,United States,2,1974,-3.017706971
USA,United States,2,1975,-6.934952037
USA,United States,2,1976,-4.843184364
USA,United States,2,1977,-3.575874985
USA,United States,2,1978,-2.744878045
USA,United States,2,1979,-2.251853338
USA,United States,2,1980,-3.639784035
USA,United States,2,1981,-3.160958917
USA,United States,2,1982,-5.678460719
USA,United States,2,1983,-6.389341578
USA,United States,2,1984,-5.299709728
USA,United States,2,1985,-5.449884902
USA,United States,2,1986,-5.630267387
USA,United States,2,1987,-4.609856193
USA,United States,2,1988,-3.960473888
USA,United States,2,1989,-3.812313606
USA,United States,2,1990,-4.725124085
USA,United States,2,1991,-5.542057287
USA,United States,2,1992,-6.611335558
USA,United States,2,1993,-5.794175601
USA,United States,2,1994,-4.470556203
USA,United States,2,1995,-4.120635799
USA,United States,2,1996,-2.978827316
USA,United States,2,1997,-1.599915897
USA,United States,2,1998,-0.394810614
USA,United States,2,1999,-0.002774148
USA,United States,2,2000,0.801932642
USA,United States,2,2001,-1.365725887
USA,United States,2,2002,-4.730269531
USA,United States,2,2003,-5.878980111
USA,United States,2,2004,-5.437319062
USA,United States,2,2005,-4.150438156
USA,United States,2,2006,-2.97076593
USA,United States,2,2007,-3.547499298
USA,United States,2,2008,-7.020112399
USA,United States,2,2009,-12.67384062
USA,United States,2,2010,-12.01304004
USA,United States,2,2011,-10.61121183
USA,United States,2,2012,-8.856189628
USA,United States,2,2013,-5.355822362
USA,United States,2,2014,-4.776805585
USA,United States,2,2015,-4.222791663
USA,United States,2,2016,-4.93955937
CHL,Chile,155,2003,-0.189104524
CHL,Chile,155,2004,2.769242055
CHL,Chile,155,2005,5.023067711
CHL,Chile,155,2006,7.383669806
CHL,Chile,155,2007,7.739157796
CHL,Chile,155,2008,4.667511017
CHL,Chile,155,2009,-4.043975952
CHL,Chile,155,2010,-0.169286702
CHL,Chile,155,2011,1.285148631
CHL,Chile,155,2012,0.542586918
CHL,Chile,155,2013,-0.715271234
CHL,Chile,155,2014,-1.663648855
CHL,Chile,155,2015,-2.266384561
CHN,China,710,1992,-0.273437342
CHN,China,710,1993,-1.168214933
CHN,China,710,1994,-3.407641642
CHN,China,710,1995,-2.966959999
CHN,China,710,1996,-2.479557154
CHN,China,710,1997,-3.094936664
CHN,China,710,1998,-4.869341119
CHN,China,710,1999,-6.181149807
CHN,China,710,2000,-7.800338133
CHN,China,710,2001,-6.907310565
CHN,China,710,2002,-4.636509712
CHN,China,710,2003,-3.701298838
CHN,China,710,2004,-0.908081159
CHN,China,710,2005,-0.474570372
CHN,China,710,2006,0.82200719
CHN,China,710,2007,2.942320693
CHN,China,710,2008,1.264395426
CHN,China,710,2009,0.134916968
CHN,China,710,2010,1.475605991
CHN,China,710,2011,1.534735592
CHN,China,710,2012,1.266760286
CHN,China,710,2013,0.755234308
CHN,China,710,2014,0.84417532
CHN,China,710,2015,-0.876593668
EST,Estonia,366,1995,1.079344717
EST,Estonia,366,1996,-0.350753756
EST,Estonia,366,1997,2.158064425
EST,Estonia,366,1998,-0.764474589
EST,Estonia,366,1999,-3.316784981
EST,Estonia,366,2000,-0.068062803
EST,Estonia,366,2001,0.199244094
EST,Estonia,366,2002,0.420641471
EST,Estonia,366,2003,1.802758494
EST,Estonia,366,2004,2.388835947
EST,Estonia,366,2005,1.123216833
EST,Estonia,366,2006,2.906438097
EST,Estonia,366,2007,2.716910044
EST,Estonia,366,2008,-2.666300085
EST,Estonia,366,2009,-2.18367712
EST,Estonia,366,2010,0.187544171
EST,Estonia,366,2011,1.158532773
EST,Estonia,366,2012,-0.257598424
EST,Estonia,366,2013,-0.170079905
EST,Estonia,366,2014,0.677921376
EST,Estonia,366,2015,0.070278217
EST,Estonia,366,2016,-0.290070925
ISR,Israel,666,1995,-3.439165024
ISR,Israel,666,1996,-4.355764219
ISR,Israel,666,1997,-3.923401821
ISR,Israel,666,1998,-6.751779961
ISR,Israel,666,1999,-5.398596391
ISR,Israel,666,2000,-3.227293571
ISR,Israel,666,2001,-5.614094262
ISR,Israel,666,2002,-6.783687786
ISR,Israel,666,2003,-7.644021536
ISR,Israel,666,2004,-5.189591852
ISR,Israel,666,2005,-4.057509238
ISR,Israel,666,2006,-1.734762021
ISR,Israel,666,2007,-0.680274243
ISR,Israel,666,2008,-2.769575877
ISR,Israel,666,2009,-5.662768735
ISR,Israel,666,2010,-3.679790454
ISR,Israel,666,2011,-2.93082057
ISR,Israel,666,2012,-4.791448891
ISR,Israel,666,2013,-4.138143937
ISR,Israel,666,2014,-3.347219149
ISR,Israel,666,2015,-2.106883629
ISR,Israel,666,2016,-2.111064423
RUS,Russia,365,2011,3.15429606
RUS,Russia,365,2012,1.953717805
RUS,Russia,365,2013,-0.194973195
RUS,Russia,365,2014,-2.330473854
RUS,Russia,365,2015,-1.467937945
SVN,Slovenia,349,1995,-8.177041998
SVN,Slovenia,349,1996,-1.097023663
SVN,Slovenia,349,1997,-2.310658484
SVN,Slovenia,349,1998,-2.330454466
SVN,Slovenia,349,1999,-2.976869544
SVN,Slovenia,349,2000,-3.639567048
SVN,Slovenia,349,2001,-3.882721155
SVN,Slovenia,349,2002,-2.403430386
SVN,Slovenia,349,2003,-2.618680762
SVN,Slovenia,349,2004,-1.964788504
SVN,Slovenia,349,2005,-1.332895296
SVN,Slovenia,349,2006,-1.204327077
SVN,Slovenia,349,2007,-0.081075104
SVN,Slovenia,349,2008,-1.41315727
SVN,Slovenia,349,2009,-5.840618724
SVN,Slovenia,349,2010,-5.634904811
SVN,Slovenia,349,2011,-6.671915479
SVN,Slovenia,349,2012,-4.043564606
SVN,Slovenia,349,2013,-14.67860741
SVN,Slovenia,349,2014,-5.295324843
SVN,Slovenia,349,2015,-2.88884496
SVN,Slovenia,349,2016,-1.866364783
ZAF,South Africa,560,2008,-1.737860074
ZAF,South Africa,560,2009,-3.854204509
ZAF,South Africa,560,2010,-3.140898431
ZAF,South Africa,560,2011,-2.956021679
ZAF,South Africa,560,2012,-3.186808672
ZAF,South Africa,560,2013,-3.27211318
ZAF,South Africa,560,2014,-4.060822886
EA,NA,NA,1995,-7.346043777
EA,NA,NA,1996,-4.302983909
EA,NA,NA,1997,-3.031296938
EA,NA,NA,1998,-2.443620248
EA,NA,NA,1999,-1.521060967
EA,NA,NA,2000,-0.272346288
EA,NA,NA,2001,-2.028235328
EA,NA,NA,2002,-2.716911877
EA,NA,NA,2003,-3.191471983
EA,NA,NA,2004,-2.956707518
EA,NA,NA,2005,-2.591103394
EA,NA,NA,2006,-1.488273819
EA,NA,NA,2007,-0.64651148
EA,NA,NA,2008,-2.160201672
EA,NA,NA,2009,-6.259070214
EA,NA,NA,2010,-6.174019295
EA,NA,NA,2011,-4.221867886
EA,NA,NA,2012,-3.640430873
EA,NA,NA,2013,-3.011995934
EA,NA,NA,2014,-2.573314369
EA,NA,NA,2015,-2.066117991
EA,NA,NA,2016,-1.545468288
EU,NA,NA,2001,-1.566342706
EU,NA,NA,2002,-2.590971277
EU,NA,NA,2003,-3.17322054
EU,NA,NA,2004,-2.842817097
EU,NA,NA,2005,-2.488063939
EU,NA,NA,2006,-1.606190834
EU,NA,NA,2007,-0.862982932
EU,NA,NA,2008,-2.482377241
EU,NA,NA,2009,-6.614123415
EU,NA,NA,2010,-6.393734944
EU,NA,NA,2011,-4.55596777
EU,NA,NA,2012,-4.241864303
EU,NA,NA,2013,-3.308470969
EU,NA,NA,2014,-2.958999238
EU,NA,NA,2015,-2.377783131
EU,NA,NA,2016,-1.673107273
NZL,New Zealand,920,1986,-6.670692779
NZL,New Zealand,920,1987,-2.226072025
NZL,New Zealand,920,1988,-4.707995894
NZL,New Zealand,920,1989,-3.304092385
NZL,New Zealand,920,1990,-4.466162253
NZL,New Zealand,920,1991,-3.472560454
NZL,New Zealand,920,1992,-2.966783261
NZL,New Zealand,920,1993,-0.636121785
NZL,New Zealand,920,1994,2.486782415
NZL,New Zealand,920,1995,2.29648565
NZL,New Zealand,920,1996,2.406504387
NZL,New Zealand,920,1997,0.958841376
NZL,New Zealand,920,1998,-0.013325532
NZL,New Zealand,920,1999,-0.212756017
NZL,New Zealand,920,2000,1.668230444
NZL,New Zealand,920,2001,1.347589599
NZL,New Zealand,920,2002,3.30630622
NZL,New Zealand,920,2003,3.434425129
NZL,New Zealand,920,2004,3.886960882
NZL,New Zealand,920,2005,4.542698974
NZL,New Zealand,920,2006,5.083920353
NZL,New Zealand,920,2007,4.292673845
NZL,New Zealand,920,2008,0.499138623
NZL,New Zealand,920,2009,-2.779671356
NZL,New Zealand,920,2010,-7.043168964
NZL,New Zealand,920,2011,-4.012493845
NZL,New Zealand,920,2012,-2.154422178
NZL,New Zealand,920,2013,-0.515550696
NZL,New Zealand,920,2014,0.267921861
NZL,New Zealand,920,2015,-0.026756966
BRA,Brazil,140,2010,-2.959998168
BRA,Brazil,140,2011,-2.538946554
BRA,Brazil,140,2012,-2.317914081
BRA,Brazil,140,2013,-3.308938617
BRA,Brazil,140,2014,-5.87713726
LVA,Latvia,367,1995,-1.428006871
LVA,Latvia,367,1996,-0.420894944
LVA,Latvia,367,1997,1.413575216
LVA,Latvia,367,1998,0.028728164
LVA,Latvia,367,1999,-3.732542619
LVA,Latvia,367,2000,-2.730834888
LVA,Latvia,367,2001,-1.948227079
LVA,Latvia,367,2002,-2.282110979
LVA,Latvia,367,2003,-1.455198143
LVA,Latvia,367,2004,-0.919019486
LVA,Latvia,367,2005,-0.364265315
LVA,Latvia,367,2006,-0.487783343
LVA,Latvia,367,2007,-0.512659053
LVA,Latvia,367,2008,-4.204263151
LVA,Latvia,367,2009,-9.126930189
LVA,Latvia,367,2010,-8.685864289
LVA,Latvia,367,2011,-4.306704886
LVA,Latvia,367,2012,-1.205632211
LVA,Latvia,367,2013,-0.961881612
LVA,Latvia,367,2014,-1.220670719
LVA,Latvia,367,2015,-1.225435977
LVA,Latvia,367,2016,0.037991409
COL,Colombia,100,2000,-5.253895104
COL,Colombia,100,2001,-4.776157732
COL,Colombia,100,2002,-4.088487423
COL,Colombia,100,2003,-3.044300428
COL,Colombia,100,2004,-3.480286715
COL,Colombia,100,2005,-3.332000611
COL,Colombia,100,2006,-1.908058911
COL,Colombia,100,2007,-1.580014476
COL,Colombia,100,2008,-1.865911803
COL,Colombia,100,2009,-1.012192681
COL,Colombia,100,2010,-2.182322673
COL,Colombia,100,2011,-0.974037497
COL,Colombia,100,2012,-0.620257738
COL,Colombia,100,2013,-2.359615875
COL,Colombia,100,2014,-3.174232067
COL,Colombia,100,2015,-3.20838421
CRI,Costa Rica,94,2000,-0.936385613
CRI,Costa Rica,94,2001,-1.492852397
CRI,Costa Rica,94,2002,-2.248195017
CRI,Costa Rica,94,2003,-1.182432359
CRI,Costa Rica,94,2004,-1.386924528
CRI,Costa Rica,94,2005,-2.272509623
CRI,Costa Rica,94,2006,0.149106884
CRI,Costa Rica,94,2007,1.224300485
CRI,Costa Rica,94,2008,-1.500786887
CRI,Costa Rica,94,2009,-2.850266428
CRI,Costa Rica,94,2010,-5.922281789
CRI,Costa Rica,94,2011,-4.809451193
CRI,Costa Rica,94,2012,-1.759511681
CRI,Costa Rica,94,2013,-2.677555442
CRI,Costa Rica,94,2014,-1.450365266
CRI,Costa Rica,94,2015,-2.51084677
CRI,Costa Rica,94,2016,-2.985344529
LTU,Lithuania,368,1995,-1.546906902
LTU,Lithuania,368,1996,-3.249486981
LTU,Lithuania,368,1997,-11.75341413
LTU,Lithuania,368,1998,-3.03241646
LTU,Lithuania,368,1999,-2.821882829
LTU,Lithuania,368,2000,-3.184727546
LTU,Lithuania,368,2001,-3.526783569
LTU,Lithuania,368,2002,-1.854998698
LTU,Lithuania,368,2003,-1.264242112
LTU,Lithuania,368,2004,-1.392224155
LTU,Lithuania,368,2005,-0.34305684
LTU,Lithuania,368,2006,-0.272102307
LTU,Lithuania,368,2007,-0.815339539
LTU,Lithuania,368,2008,-3.083041713
LTU,Lithuania,368,2009,-9.105648216
LTU,Lithuania,368,2010,-6.900718922
LTU,Lithuania,368,2011,-8.939733443
LTU,Lithuania,368,2012,-3.145481048
LTU,Lithuania,368,2013,-2.609923444
LTU,Lithuania,368,2014,-0.617365641
LTU,Lithuania,368,2015,-0.244772372
LTU,Lithuania,368,2016,0.26636791
IDN,Indonesia,850,2010,-0.339626152
IDN,Indonesia,850,2011,-1.035158769
IDN,Indonesia,850,2012,-1.343365373
IDN,Indonesia,850,2013,-2.073860832
IDN,Indonesia,850,2014,-1.858321585
IDN,Indonesia,850,2015,-2.773828021
IDN,Indonesia,850,2016,-2.404084236