iso,year,CLI
AUS,1975,96.72348
AUT,1975,97.53211
BEL,1975,96.0854
CAN,1975,96.87431
CHE,1975,95.78066
DEU,1975,97.08455
DNK,1975,96.27446
EA19,1975,96.86488
FRA,1975,97.64394
GBR,1975,95.65195
GRC,1975,96.61731
ITA,1975,96.77177
JPN,1975,95.4699
NLD,1975,97.35851
NOR,1975,98.65408
SWE,1975,100.8823
USA,1975,95.61629
ZAF,1975,101.0068
AUS,1976,99.65843
AUT,1976,99.13772
BEL,1976,101.2498
CAN,1976,100.5705
CHE,1976,98.73406
DEU,1976,101.5454
DNK,1976,103.3706
EA19,1976,100.3849
FRA,1976,100.7006
GBR,1976,99.76152
GRC,1976,100.2909
ITA,1976,99.77242
JPN,1976,100.0187
NLD,1976,99.29926
NOR,1976,100.0151
SWE,1976,100.5066
USA,1976,100.3839
ZAF,1976,101.2048
AUS,1977,99.63931
AUT,1977,99.64607
BEL,1977,99.42773
CAN,1977,100.2297
CHE,1977,100.9125
DEU,1977,100.2951
DNK,1977,100.056
EA19,1977,99.56389
FRA,1977,99.90712
GBR,1977,99.26681
GRC,1977,100.1037
IRL,1977,99.31044
ITA,1977,99.03832
JPN,1977,101.0325
NLD,1977,99.96939
NOR,1977,99.97165
SWE,1977,100.0063
USA,1977,101.3666
ZAF,1977,97.2943
AUS,1978,99.70985
AUT,1978,99.09015
BEL,1978,99.94897
CAN,1978,101.0203
CHE,1978,100.7201
DEU,1978,99.54613
DNK,1978,100.0292
EA19,1978,99.42955
FRA,1978,99.67711
GBR,1978,102.1153
GRC,1978,103.426
IRL,1978,102.6597
ITA,1978,99.17538
JPN,1978,99.82876
NLD,1978,99.87163
NOR,1978,98.46159
SWE,1978,99.77851
USA,1978,101.4448
ZAF,1978,98.06507
AUS,1979,100.6973
AUT,1979,100.9595
BEL,1979,100.7056
CAN,1979,101.5794
CHE,1979,99.69916
DEU,1979,101.9329
DNK,1979,102.6001
EA19,1979,101.5283
FRA,1979,100.8642
GBR,1979,101.2463
GRC,1979,106.6855
IRL,1979,101.4404
ITA,1979,102.2373
JPN,1979,102.5632
NLD,1979,101.1446
NOR,1979,99.62858
SWE,1979,101.7274
USA,1979,101.2596
ZAF,1979,98.91612
AUS,1980,101.4536
AUT,1980,101.679
BEL,1980,100.9926
CAN,1980,100.1028
CHE,1980,102.3329
DEU,1980,100.6116
DNK,1980,98.92662
EA19,1980,100.7888
FRA,1980,100.8356
GBR,1980,98.93627
GRC,1980,100.4679
IRL,1980,100.6379
ITA,1980,101.8488
JPN,1980,101.1445
NLD,1980,101.2227
NOR,1980,103.5369
SWE,1980,101.4807
USA,1980,98.46516
ZAF,1980,102.2741
AUS,1981,101.6141
AUT,1981,99.45036
BEL,1981,98.34956
CAN,1981,100.9935
CHE,1981,100.3965
DEU,1981,98.50054
DNK,1981,97.93095
EA19,1981,98.98958
FRA,1981,99.91354
GBR,1981,98.45882
GRC,1981,98.40317
IRL,1981,102.1059
ITA,1981,99.99563
JPN,1981,99.39011
MEX,1981,104.2812
NLD,1981,98.57889
NOR,1981,100.5352
SWE,1981,98.88204
USA,1981,99.87046
ZAF,1981,103.9858
AUS,1982,98.81521
AUT,1982,98.86077
BEL,1982,99.88758
CAN,1982,96.27174
CHE,1982,98.13896
DEU,1982,98.63244
DNK,1982,98.40391
EA19,1982,99.25036
FRA,1982,100.5291
GBR,1982,98.51075
GRC,1982,98.74093
IRL,1982,98.10187
ITA,1982,100.2913
JPN,1982,100.5761
MEX,1982,102.1126
NLD,1982,98.32829
NOR,1982,99.1737
SWE,1982,99.53099
USA,1982,96.98999
ZAF,1982,100.4626
AUS,1983,96.82836
AUT,1983,98.62225
BEL,1983,99.28401
CAN,1983,98.51994
CHE,1983,97.66679
DEU,1983,99.0363
DNK,1983,98.39983
EA19,1983,98.71746
FRA,1983,100.104
GBR,1983,100.2376
GRC,1983,99.41833
IRL,1983,96.80183
ITA,1983,97.87894
JPN,1983,99.54024
MEX,1983,96.43069
NLD,1983,98.56335
NOR,1983,97.88628
SWE,1983,100.1302
USA,1983,98.57181
ZAF,1983,98.99875
AUS,1984,101.1818
AUT,1984,100.053
BEL,1984,100.5179
CAN,1984,100.9058
CHE,1984,100.7219
DEU,1984,101.2125
DNK,1984,102.097
EA19,1984,99.97589
ESP,1984,98.79687
FRA,1984,99.7248
GBR,1984,100.9744
GRC,1984,100.1919
IRL,1984,101.6626
ITA,1984,99.19645
JPN,1984,99.77799
MEX,1984,100.0877
NLD,1984,100.2951
NOR,1984,100.529
SWE,1984,102.4688
USA,1984,102.4634
ZAF,1984,100.9236
AUS,1985,100.4978
AUT,1985,100.2883
BEL,1985,99.90504
CAN,1985,98.84013
CHE,1985,100.5952
DEU,1985,100.6265
DNK,1985,101.0675
EA19,1985,99.67843
ESP,1985,98.13245
FIN,1985,96.91888
FRA,1985,99.11756
GBR,1985,99.78581
GRC,1985,101.7777
IRL,1985,100.252
ITA,1985,99.34613
JPN,1985,99.90137
MEX,1985,101.8358
NLD,1985,100.806
NOR,1985,101.0106
SWE,1985,100.207
USA,1985,100.2251
ZAF,1985,97.20145
AUS,1986,100.0217
AUT,1986,100.0135
BEL,1986,100.0945
CAN,1986,100.5823
CHE,1986,101.3719
DEU,1986,100.2729
DNK,1986,102.0835
EA19,1986,99.62035
ESP,1986,98.30383
FIN,1986,96.93491
FRA,1986,99.70318
GBR,1986,99.53162
GRC,1986,97.78264
IRL,1986,97.17831
ITA,1986,99.59122
JPN,1986,98.54316
MEX,1986,98.21697
NLD,1986,100.7397
NOR,1986,101.8262
NZL,1986,97.10573
SWE,1986,100.3051
USA,1986,100.0457
ZAF,1986,98.91643
AUS,1987,99.754
AUT,1987,98.99755
BEL,1987,99.36535
CAN,1987,101.7403
CHE,1987,99.64002
DEU,1987,99.05656
DNK,1987,99.87328
EA19,1987,99.61822
ESP,1987,99.91776
FIN,1987,101.1475
FRA,1987,99.86117
GBR,1987,100.4286
GRC,1987,98.06474
IRL,1987,98.42162
ITA,1987,100.4283
JPN,1987,99.21163
MEX,1987,100.0055
NLD,1987,99.76868
NOR,1987,99.65387
NZL,1987,99.11846
PRT,1987,101.2448
SWE,1987,101.5169
USA,1987,100.0347
ZAF,1987,100.6502
AUS,1988,100.9706
AUT,1988,98.61347
BEL,1988,100.0583
CAN,1988,101.5883
CHE,1988,99.35424
DEU,1988,99.4241
DNK,1988,99.41487
EA19,1988,99.97193
ESP,1988,100.4757
FIN,1988,101.5792
FRA,1988,100.1826
GBR,1988,101.8106
GRC,1988,101.8889
IRL,1988,99.49226
ITA,1988,100.583
JPN,1988,101.895
MEX,1988,98.49223
NLD,1988,99.12006
NOR,1988,99.34711
NZL,1988,99.31327
PRT,1988,100.712
SWE,1988,101.2437
TUR,1988,108.6357
USA,1988,100.307
ZAF,1988,101.9578
AUS,1989,101.4854
AUT,1989,100.6595
BEL,1989,100.732
BRA,1989,100.1879
CAN,1989,100.5802
CHE,1989,101.4465
DEU,1989,100.695
DNK,1989,99.57957
EA19,1989,101.197
ESP,1989,101.3652
FIN,1989,101.8436
FRA,1989,101.7451
GBR,1989,101.006
GRC,1989,102.9864
IRL,1989,103.376
ITA,1989,101.7197
JPN,1989,101.5661
MEX,1989,102.0397
NLD,1989,100.2921
NOR,1989,98.95684
NZL,1989,100.6504
PRT,1989,100.4903
SWE,1989,102.5923
TUR,1989,96.87861
USA,1989,100.4778
ZAF,1989,100.8836
AUS,1990,99.25415
AUT,1990,102.0281
BEL,1990,101.321
BRA,1990,99.34546
CAN,1990,99.26802
CHE,1990,101.8265
CHN,1990,95.72581
DEU,1990,100.7763
DNK,1990,99.98177
EA19,1990,101.1899
ESP,1990,101.9338
FIN,1990,96.94746
FRA,1990,101.423
GBR,1990,99.68965
GRC,1990,104.6558
IRL,1990,101.6903
ITA,1990,101.4004
JPN,1990,101.6608
KOR,1990,100.1611
MEX,1990,100.2612
NLD,1990,100.7455
NOR,1990,100.6842
NZL,1990,100.746
PRT,1990,100.8206
SWE,1990,100.7643
TUR,1990,103.5828
USA,1990,99.79837
ZAF,1990,100.1303
AUS,1991,97.54076
AUT,1991,101.0657
BEL,1991,99.73185
BRA,1991,100.0494
CAN,1991,97.19464
CHE,1991,97.72323
CHN,1991,95.0396
DEU,1991,100.4291
DNK,1991,99.30641
EA19,1991,99.85126
ESP,1991,100.3216
FIN,1991,95.47402
FRA,1991,99.71893
GBR,1991,97.62321
GRC,1991,98.04915
IRL,1991,98.65556
ITA,1991,99.74355
JPN,1991,100.4612
KOR,1991,98.77898
MEX,1991,99.86139
NLD,1991,99.72611
NOR,1991,100.4077
NZL,1991,96.64265
PRT,1991,99.96811
SWE,1991,98.49796
TUR,1991,95.84576
USA,1991,97.23795
ZAF,1991,98.90533
AUS,1992,99.63978
AUT,1992,99.7274
BEL,1992,100.4835
BRA,1992,98.40048
CAN,1992,99.30531
CHE,1992,98.56031
CHN,1992,98.94833
DEU,1992,99.92261
DNK,1992,100.1097
EA19,1992,99.78287
ESP,1992,100.0919
FIN,1992,96.47395
FRA,1992,99.4713
GBR,1992,99.50028
GRC,1992,100.1499
HUN,1992,100.7005
IRL,1992,100.5656
ITA,1992,100.1337
JPN,1992,98.682
KOR,1992,97.60023
MEX,1992,99.84211
NLD,1992,99.76923
NOR,1992,99.68722
NZL,1992,99.24473
POL,1992,99.21783
PRT,1992,99.78777
SWE,1992,98.23589
TUR,1992,100.4295
USA,1992,99.12001
ZAF,1992,98.97599
AUS,1993,100.4238
AUT,1993,98.09548
BEL,1993,98.26635
BRA,1993,99.91788
CAN,1993,99.58638
CHE,1993,97.67501
CHN,1993,101.639
DEU,1993,96.819
DNK,1993,97.67029
EA19,1993,97.45087
ESP,1993,97.22966
FIN,1993,96.53934
FRA,1993,98.27485
GBR,1993,99.61148
GRC,1993,99.35188
HUN,1993,97.7984
IRL,1993,97.26982
ITA,1993,97.53224
JPN,1993,97.76347
KOR,1993,98.18171
MEX,1993,98.87778
NLD,1993,98.08672
NOR,1993,98.69542
NZL,1993,100.4275
POL,1993,99.20023
PRT,1993,96.9717
RUS,1993,103.8546
SWE,1993,97.2411
TUR,1993,102.4416
USA,1993,100.1141
ZAF,1993,98.26741
AUS,1994,101.9543
AUT,1994,99.50772
BEL,1994,99.80692
BRA,1994,100.6033
CAN,1994,101.0984
CHE,1994,101.8836
CHN,1994,100.8788
DEU,1994,99.13986
DNK,1994,101.2222
EA19,1994,98.96009
ESP,1994,98.46552
FIN,1994,101.0898
FRA,1994,99.52469
GBR,1994,101.1887
GRC,1994,97.38129
HUN,1994,100.5819
IDN,1994,101.9259
IRL,1994,99.84865
ITA,1994,98.36432
JPN,1994,99.05664
KOR,1994,101.0703
MEX,1994,104.631
NLD,1994,99.17188
NOR,1994,100.2692
NZL,1994,101.9835
POL,1994,99.96294
PRT,1994,98.6871
RUS,1994,97.51011
SVK,1994,100.0928
SWE,1994,102.4376
TUR,1994,96.17853
USA,1994,100.464
ZAF,1994,99.39605
AUS,1995,100.3101
AUT,1995,101.828
BEL,1995,101.229
BRA,1995,100.8294
CAN,1995,100.1144
CHE,1995,101.4305
CHN,1995,100.6793
CZE,1995,101.4503
DEU,1995,102.0866
DNK,1995,100.8912
EA19,1995,101.467
ESP,1995,100.3429
EST,1995,95.89556
FIN,1995,102.0255
FRA,1995,101.0949
GBR,1995,100.1634
GRC,1995,99.12913
HUN,1995,99.44839
IDN,1995,101.3762
IND,1995,100.849
IRL,1995,99.47399
ISR,1995,98.90119
ITA,1995,102.4161
JPN,1995,100.732
KOR,1995,102.4248
MEX,1995,90.9084
NLD,1995,100.6919
NOR,1995,100.341
NZL,1995,100.8965
POL,1995,100.9743
PRT,1995,101.0886
RUS,1995,98.50413
SVK,1995,99.63029
SWE,1995,100.5225
TUR,1995,101.3645
USA,1995,100.1873
ZAF,1995,102.6734
AUS,1996,98.90264
AUT,1996,99.00279
BEL,1996,99.00129
BRA,1996,99.27541
CAN,1996,98.1487
CHE,1996,98.76785
CHL,1996,101.1341
CHN,1996,100.7034
CZE,1996,101.7205
DEU,1996,99.45557
DNK,1996,99.69513
EA19,1996,99.45489
ESP,1996,99.34367
EST,1996,94.2039
FIN,1996,96.52851
FRA,1996,99.04534
GBR,1996,100.0802
GRC,1996,98.9703
HUN,1996,98.73532
IDN,1996,103.1914
IND,1996,101.7752
IRL,1996,98.52714
ISR,1996,100.9717
ITA,1996,100.5916
JPN,1996,101.5327
KOR,1996,101.3943
MEX,1996,101.1227
NLD,1996,99.36102
NOR,1996,100.027
NZL,1996,100.3353
POL,1996,100.7556
PRT,1996,99.01765
RUS,1996,98.27797
SVK,1996,101.5112
SVN,1996,98.89075
SWE,1996,98.75594
TUR,1996,101.6082
USA,1996,98.70458
ZAF,1996,101.023
AUS,1997,99.45477
AUT,1997,99.46072
BEL,1997,99.78844
BRA,1997,100.9045
CAN,1997,100.5604
CHE,1997,98.46947
CHL,1997,101.6585
CHN,1997,102.9069
CZE,1997,101.0496
DEU,1997,100.094
DNK,1997,100.7442
EA19,1997,99.42777
ESP,1997,99.40529
EST,1997,97.89619
FIN,1997,101.1214
FRA,1997,98.55458
GBR,1997,100.3863
GRC,1997,100.3626
HUN,1997,99.91593
IDN,1997,107.3499
IND,1997,100.3445
IRL,1997,96.42173
ISR,1997,99.43923
ITA,1997,98.76567
JPN,1997,101.7916
KOR,1997,97.75642
MEX,1997,101.0174
NLD,1997,100.5064
NOR,1997,101.1064
NZL,1997,99.86904
POL,1997,100.9305
PRT,1997,99.35661
RUS,1997,101.2754
SVK,1997,103.5046
SVN,1997,101.1191
SWE,1997,99.35793
TUR,1997,102.3802
USA,1997,99.97169
ZAF,1997,100.911
AUS,1998,100.3893
AUT,1998,100.5986
BEL,1998,100.8423
BRA,1998,99.16682
CAN,1998,100.6996
CHE,1998,101.6918
CHL,1998,100.529
CHN,1998,97.74745
CZE,1998,99.12744
DEU,1998,100.9824
DNK,1998,101.0237
EA19,1998,100.6897
ESP,1998,100.6337
EST,1998,105.7004
FIN,1998,101.0918
FRA,1998,99.94276
GBR,1998,100.9468
GRC,1998,100.1401
HUN,1998,102.1256
IDN,1998,97.62947
IND,1998,99.23276
IRL,1998,101.6661
ISR,1998,99.21925
ITA,1998,100.8724
JPN,1998,98.61369
KOR,1998,95.05789
MEX,1998,101.4828
NLD,1998,101.1474
NOR,1998,100.8547
NZL,1998,97.24434
POL,1998,99.79539
PRT,1998,100.8434
RUS,1998,99.11356
SVK,1998,101.098
SVN,1998,100.9184
SWE,1998,100.4285
TUR,1998,101.8511
USA,1998,100.8093
ZAF,1998,99.71545
AUS,1999,100.3018
AUT,1999,99.37548
BEL,1999,99.45047
BRA,1999,97.92831
CAN,1999,99.2076
CHE,1999,99.38029
CHL,1999,98.44299
CHN,1999,99.49331
CZE,1999,97.82426
DEU,1999,99.53083
DNK,1999,98.87584
EA19,1999,99.88516
ESP,1999,101.6043
EST,1999,94.83382
FIN,1999,99.38069
FRA,1999,100.1284
GBR,1999,99.3737
GRC,1999,99.11404
HUN,1999,99.06946
IDN,1999,93.2833
IND,1999,99.97141
IRL,1999,99.24095
ISR,1999,98.99391
ITA,1999,99.70271
JPN,1999,98.2179
KOR,1999,101.0989
MEX,1999,98.60613
NLD,1999,99.82664
NOR,1999,98.33452
NZL,1999,100.5556
POL,1999,100.2699
PRT,1999,100.3632
RUS,1999,96.98228
SVK,1999,99.91848
SVN,1999,97.34648
SWE,1999,98.89599
TUR,1999,93.83155
USA,1999,100.1713
ZAF,1999,97.17664
AUS,2000,100.5395
AUT,2000,101.5857
BEL,2000,101.7294
BRA,2000,100.8937
CAN,2000,100.5091
CHE,2000,101.973
CHL,2000,101.1407
CHN,2000,100.236
CZE,2000,100.6103
DEU,2000,101.2969
DNK,2000,100.6095
EA19,2000,101.3018
ESP,2000,101.6989
EST,2000,99.06923
FIN,2000,103.9308
FRA,2000,101.4882
GBR,2000,100.4244
GRC,2000,100.6144
HUN,2000,101.8215
IDN,2000,101.3823
IND,2000,102.4882
IRL,2000,103.7002
ISR,2000,103.0804
ITA,2000,100.7759
JPN,2000,101.2092
KOR,2000,104.4319
MEX,2000,100.5936
NLD,2000,101.3303
NOR,2000,100.2953
NZL,2000,100.6771
POL,2000,99.74288
PRT,2000,101.174
RUS,2000,103.8053
SVK,2000,97.6849
SVN,2000,101.5322
SWE,2000,101.2137
TUR,2000,105.6681
USA,2000,101.3074
ZAF,2000,100.7107
AUS,2001,99.0193
AUT,2001,100.96
BEL,2001,100.8124
BRA,2001,100.9271
CAN,2001,99.05722
CHE,2001,101.6316
CHL,2001,98.93253
CHN,2001,97.85488
CZE,2001,101.4905
DEU,2001,101.2291
DNK,2001,99.38584
EA19,2001,101.076
ESP,2001,100.572
EST,2001,103.4095
FIN,2001,101.1763
FRA,2001,101.5789
GBR,2001,100.2987
GRC,2001,98.87554
HUN,2001,100.7262
IDN,2001,98.65506
IND,2001,100.4988
IRL,2001,102.5098
ISR,2001,101.4934
ITA,2001,100.9292
JPN,2001,100.3618
KOR,2001,97.62335
MEX,2001,98.65463
NLD,2001,101.2048
NOR,2001,100.8452
NZL,2001,99.55732
POL,2001,97.57439
PRT,2001,101.8547
RUS,2001,101.3604
SVK,2001,98.59177
SVN,2001,102.0397
SWE,2001,100.8652
TUR,2001,95.3089
USA,2001,98.73573
ZAF,2001,100.1919
AUS,2002,100.7332
AUT,2002,99.19534
BEL,2002,99.30111
BRA,2002,99.24323
CAN,2002,99.98447
CHE,2002,98.37066
CHL,2002,98.43851
CHN,2002,97.74733
CZE,2002,99.63091
DEU,2002,98.46614
DNK,2002,98.94749
EA19,2002,99.11512
ESP,2002,99.0262
EST,2002,97.52004
FIN,2002,99.05447
FRA,2002,99.33353
GBR,2002,100.0676
GRC,2002,99.04898
HUN,2002,97.86897
IDN,2002,99.62979
IND,2002,98.60548
IRL,2002,100.3744
ISR,2002,99.49837
ITA,2002,99.67253
JPN,2002,98.70678
KOR,2002,101.0149
MEX,2002,100.1367
NLD,2002,99.61913
NOR,2002,99.45264
NZL,2002,100.6723
POL,2002,97.58157
PRT,2002,99.24183
RUS,2002,97.90243
SVK,2002,100.5932
SVN,2002,99.62116
SWE,2002,97.8726
TUR,2002,98.48179
USA,2002,98.84943
ZAF,2002,100.7218
AUS,2003,100.0681
AUT,2003,99.34306
BEL,2003,98.83471
BRA,2003,98.62218
CAN,2003,99.20559
CHE,2003,97.28549
CHL,2003,98.24282
CHN,2003,101.02
CZE,2003,98.70047
DEU,2003,98.81498
DNK,2003,98.66629
EA19,2003,98.79356
ESP,2003,98.38567
EST,2003,99.33744
FIN,2003,99.04089
FRA,2003,98.47851
GBR,2003,98.96868
GRC,2003,99.85678
HUN,2003,97.61404
IDN,2003,97.65152
IND,2003,97.98262
IRL,2003,96.54041
ISR,2003,96.93923
ITA,2003,99.47247
JPN,2003,99.29969
KOR,2003,99.50841
MEX,2003,100.0498
NLD,2003,98.69116
NOR,2003,97.60548
NZL,2003,99.70765
POL,2003,100.8517
PRT,2003,98.21288
RUS,2003,98.91875
SVK,2003,98.03478
SVN,2003,99.26842
SWE,2003,98.09751
TUR,2003,99.33484
USA,2003,97.75527
ZAF,2003,98.45764
AUS,2004,99.76714
AUT,2004,100.3006
BEL,2004,100.2103
BRA,2004,100.807
CAN,2004,100.675
CHE,2004,100.1891
CHL,2004,99.72772
CHN,2004,101.6717
CZE,2004,98.66605
DEU,2004,100.5969
DNK,2004,98.81635
EA19,2004,99.8257
ESP,2004,99.61417
EST,2004,99.30713
FIN,2004,101.3089
FRA,2004,99.20469
GBR,2004,100.6458
GRC,2004,101.4446
HUN,2004,100.3065
IDN,2004,101.568
IND,2004,99.54703
IRL,2004,95.87413
ISR,2004,99.86761
ITA,2004,99.67371
JPN,2004,100.5757
KOR,2004,100.3561
MEX,2004,101.4442
NLD,2004,99.5566
NOR,2004,99.60194
NZL,2004,101.5027
POL,2004,102.1909
PRT,2004,99.03048
RUS,2004,100.0356
SVK,2004,97.3847
SVN,2004,98.35343
SWE,2004,98.43145
TUR,2004,102.7058
USA,2004,100.8625
ZAF,2004,98.82887
AUS,2005,100.1546
AUT,2005,99.96783
BEL,2005,99.80183
BRA,2005,100.0065
CAN,2005,100.1168
CHE,2005,99.33041
CHL,2005,101.3014
CHN,2005,100.4973
CZE,2005,100.1581
DEU,2005,99.87929
DNK,2005,100.6221
EA19,2005,99.89523
ESP,2005,100.3167
EST,2005,100.7847
FIN,2005,101.1558
FRA,2005,99.92244
GBR,2005,100.511
GRC,2005,98.30444
HUN,2005,99.54415
IDN,2005,103.4862
IND,2005,99.58481
IRL,2005,97.97614
ISR,2005,100.3137
ITA,2005,99.9272
JPN,2005,100.6489
KOR,2005,99.96412
MEX,2005,99.77795
NLD,2005,100.0636
NOR,2005,100.6362
NZL,2005,101.0292
POL,2005,99.84834
PRT,2005,99.51215
RUS,2005,99.34361
SVK,2005,100.3711
SVN,2005,99.26044
SWE,2005,99.63573
TUR,2005,102.1139
USA,2005,100.4346
ZAF,2005,100.273
AUS,2006,99.89948
AUT,2006,100.0764
BEL,2006,100.6114
BRA,2006,99.40637
CAN,2006,100.2493
CHE,2006,101.1189
CHL,2006,100.5298
CHN,2006,100.5612
CZE,2006,101.5885
DEU,2006,100.9777
DNK,2006,101.7796
EA19,2006,100.6312
ESP,2006,100.9132
EST,2006,104.2857
FIN,2006,101.6537
FRA,2006,100.4543
GBR,2006,100.379
GRC,2006,99.10906
HUN,2006,100.9409
IDN,2006,97.40409
IND,2006,99.20157
IRL,2006,102.7612
ISR,2006,100.8321
ITA,2006,100.1296
JPN,2006,101.4031
KOR,2006,101.1811
MEX,2006,100.7372
NLD,2006,101.034
NOR,2006,101.4184
NZL,2006,99.57257
POL,2006,100.826
PRT,2006,99.69254
RUS,2006,101.4629
SVK,2006,100.6199
SVN,2006,101.134
SWE,2006,99.97504
TUR,2006,101.4438
USA,2006,101.0282
ZAF,2006,101.7702
AUS,2007,100.6213
AUT,2007,101.5658
BEL,2007,101.0662
BRA,2007,101.2456
CAN,2007,100.4175
CHE,2007,102.4525
CHL,2007,101.8017
CHN,2007,102.6738
CZE,2007,103.4849
DEU,2007,101.8799
DNK,2007,101.3381
EA19,2007,101.8792
ESP,2007,102.1253
EST,2007,108.9807
FIN,2007,102.2361
FRA,2007,101.4339
GBR,2007,101.69
GRC,2007,101.3774
HUN,2007,101.3476
IDN,2007,100.1172
IND,2007,100.203
IRL,2007,105.9656
ISR,2007,101.5985
ITA,2007,101.6952
JPN,2007,101.4256
KOR,2007,100.5388
MEX,2007,99.60013
NLD,2007,102.425
NOR,2007,101.9586
NZL,2007,101.7183
POL,2007,102.1419
PRT,2007,102.0636
RUS,2007,103.9494
SVK,2007,102.7831
SVN,2007,104.9188
SWE,2007,101.6852
TUR,2007,102.057
USA,2007,101.4695
ZAF,2007,102.576
AUS,2008,100.5138
AUT,2008,100.854
BEL,2008,100.9387
BRA,2008,103.2589
CAN,2008,100.2423
CHE,2008,101.0484
CHL,2008,100.5839
CHN,2008,102.0305
CZE,2008,102.1737
DEU,2008,101.4535
DNK,2008,101.344
EA19,2008,101.4917
ESP,2008,101.5939
EST,2008,103.4234
FIN,2008,100.1388
FRA,2008,101.0876
GBR,2008,100.3959
GRC,2008,101.931
HUN,2008,101.6916
IDN,2008,100.0438
IND,2008,100.5938
IRL,2008,105.1529
ISR,2008,103.2967
ITA,2008,101.4954
JPN,2008,100.5977
KOR,2008,99.621
MEX,2008,100.4195
NLD,2008,101.8653
NOR,2008,101.923
NZL,2008,99.6823
POL,2008,100.1072
PRT,2008,102.3315
RUS,2008,103.8202
SVK,2008,104.7232
SVN,2008,100.5526
SWE,2008,100.7768
TUR,2008,104.2442
USA,2008,101.1954
ZAF,2008,101.1021
AUS,2009,98.47849
AUT,2009,97.04504
BEL,2009,96.68328
BRA,2009,96.33882
CAN,2009,96.11423
CHE,2009,94.94062
CHL,2009,93.67142
CHN,2009,93.75288
CZE,2009,93.9306
DEU,2009,94.52858
DNK,2009,96.53848
EA19,2009,96.28488
ESP,2009,96.94212
EST,2009,89.19711
FIN,2009,95.69112
FRA,2009,97.09002
GBR,2009,94.8253
GRC,2009,99.32551
HUN,2009,95.70287
IDN,2009,96.67152
IND,2009,99.25869
IRL,2009,95.62503
ISR,2009,95.45768
ITA,2009,97.09243
JPN,2009,96.99878
KOR,2009,97.60149
MEX,2009,95.20695
NLD,2009,96.46935
NOR,2009,96.56171
NZL,2009,98.41074
POL,2009,98.35181
PRT,2009,96.01835
RUS,2009,91.13916
SVK,2009,98.89493
SVN,2009,94.16474
SWE,2009,95.18591
TUR,2009,89.03653
USA,2009,95.02144
ZAF,2009,96.44521
AUS,2010,100.5244
AUT,2010,100.0175
BEL,2010,100.5074
BRA,2010,101.6829
CAN,2010,100.8642
CHE,2010,100.8294
CHL,2010,101.218
CHN,2010,101.7551
CZE,2010,98.91654
DEU,2010,100.3174
DNK,2010,100.0741
EA19,2010,100.1302
ESP,2010,100.2068
EST,2010,96.52671
FIN,2010,102.8843
FRA,2010,99.80991
GBR,2010,102.6341
GRC,2010,101.515
HUN,2010,99.89678
IDN,2010,100.2239
IND,2010,101.8908
IRL,2010,95.86463
ISR,2010,99.83324
ITA,2010,100.1236
JPN,2010,99.49701
KOR,2010,102.7384
MEX,2010,100.9188
NLD,2010,99.86851
NOR,2010,98.66376
NZL,2010,100.8919
POL,2010,99.66563
PRT,2010,101.4127
RUS,2010,96.74955
SVK,2010,97.42067
SVN,2010,99.55372
SWE,2010,99.1272
TUR,2010,100.984
USA,2010,99.15876
ZAF,2010,98.51933
AUS,2011,100.6134
AUT,2011,102.2188
BEL,2011,102.2003
BRA,2011,102.0523
CAN,2011,100.932
CHE,2011,102.4192
CHL,2011,102.9965
CHN,2011,100.9412
CZE,2011,101.6882
DEU,2011,102.9902
DNK,2011,100.8711
EA19,2011,101.9057
ESP,2011,100.2619
EST,2011,104.3951
FIN,2011,103.9599
FRA,2011,101.4993
GBR,2011,100.6206
GRC,2011,99.07334
HUN,2011,102.1588
IDN,2011,100.4107
IND,2011,101.7059
IRL,2011,100.5886
ISR,2011,100.8044
ITA,2011,101.9944
JPN,2011,100.2317
KOR,2011,100.9276
MEX,2011,99.51709
NLD,2011,102.131
NOR,2011,100.6271
NZL,2011,99.36996
POL,2011,100.1038
PRT,2011,102.4502
RUS,2011,103.0824
SVK,2011,100.1199
SVN,2011,102.5315
SWE,2011,101.7513
TUR,2011,102.3237
USA,2011,100.2657
ZAF,2011,100.355
AUS,2012,99.33947
AUT,2012,100.2977
BEL,2012,99.64682
BRA,2012,100.6001
CAN,2012,99.92581
CHE,2012,99.09107
CHL,2012,100.396
CHN,2012,100.1192
CZE,2012,99.31599
DEU,2012,100.0395
DNK,2012,99.33868
EA19,2012,99.68266
ESP,2012,99.52351
EST,2012,102.948
FIN,2012,99.27442
FRA,2012,99.99982
GBR,2012,97.93395
GRC,2012,96.80573
HUN,2012,100.3886
IDN,2012,100.9161
IND,2012,99.86031
IRL,2012,99.21413
ISR,2012,100.8187
ITA,2012,99.50047
JPN,2012,99.96242
KOR,2012,98.49747
MEX,2012,101.2834
NLD,2012,99.85331
NOR,2012,100.548
NZL,2012,99.87862
POL,2012,99.93879
PRT,2012,97.66387
RUS,2012,102.7355
SVK,2012,98.60308
SVN,2012,100.5852
SWE,2012,99.08392
TUR,2012,100.6818
USA,2012,99.7992
ZAF,2012,100.2227
AUS,2013,99.93477
AUT,2013,99.67718
BEL,2013,98.85141
BRA,2013,100.6584
CAN,2013,99.58616
CHE,2013,100.3041
CHL,2013,100.0334
CHN,2013,100.9013
CZE,2013,97.68682
DEU,2013,99.21702
DNK,2013,99.15003
EA19,2013,98.74869
ESP,2013,97.64493
EST,2013,99.28304
FIN,2013,99.11402
FRA,2013,99.0942
GBR,2013,99.59522
GRC,2013,97.51582
HUN,2013,100.2048
IDN,2013,101.4074
IND,2013,98.71712
IRL,2013,99.77435
ISR,2013,99.53664
ITA,2013,98.2562
JPN,2013,99.68386
KOR,2013,99.34576
MEX,2013,100.7603
NLD,2013,99.24885
NOR,2013,100.2853
NZL,2013,100.4994
POL,2013,99.09212
PRT,2013,98.01389
RUS,2013,99.65667
SVK,2013,98.07973
SVN,2013,97.75509
SWE,2013,98.45327
TUR,2013,100.2505
USA,2013,100.0412
ZAF,2013,100.6636
AUS,2014,99.92451
AUT,2014,100.5901
BEL,2014,100.6171
BRA,2014,99.00161
CAN,2014,100.1369
CHE,2014,100.868
CHL,2014,99.84152
CHN,2014,101.3009
CZE,2014,100.5051
DEU,2014,100.9745
DNK,2014,100.4239
EA19,2014,100.3395
ESP,2014,100.193
EST,2014,99.86684
FIN,2014,100.5481
FRA,2014,99.58151
GBR,2014,101.9291
GRC,2014,99.08371
HUN,2014,99.00647
IDN,2014,99.03609
IND,2014,98.61049
IRL,2014,100.1115
ISR,2014,99.76908
ITA,2014,100.2667
JPN,2014,101.416
KOR,2014,99.77917
MEX,2014,98.71557
NLD,2014,100.6508
NOR,2014,101.4028
NZL,2014,101.1647
POL,2014,100.1258
PRT,2014,101.1772
RUS,2014,100.4523
SVK,2014,100.1697
SVN,2014,98.45696
SWE,2014,99.55941
TUR,2014,98.74113
USA,2014,100.6538
ZAF,2014,100.3827
AUS,2015,100.6498
AUT,2015,99.15183
BEL,2015,99.81844
BRA,2015,97.80394
CAN,2015,99.87707
CHE,2015,99.04015
CHL,2015,99.87626
CHN,2015,100.4256
CZE,2015,101.129
DEU,2015,99.91649
DNK,2015,100.0075
EA19,2015,100.2164
ESP,2015,101.7833
EST,2015,100.3014
FIN,2015,99.93333
FRA,2015,99.64213
GBR,2015,101.125
GRC,2015,100.7533
HUN,2015,99.53454
IDN,2015,99.71306
IND,2015,99.84055
IRL,2015,101.2961
ISR,2015,99.85023
ITA,2015,100.3109
JPN,2015,100.1653
KOR,2015,100.5333
MEX,2015,100.9419
NLD,2015,100.6605
NOR,2015,99.68652
NZL,2015,99.23578
POL,2015,100.3777
PRT,2015,100.4506
RUS,2015,99.41334
SVK,2015,100.1266
SVN,2015,101.4287
SWE,2015,99.49927
TUR,2015,99.68564
USA,2015,100.7483
ZAF,2015,100.5299
AUS,2016,99.87025
AUT,2016,99.17706
BEL,2016,100.0835
BRA,2016,96.89603
CAN,2016,98.74568
CHE,2016,98.94646
CHL,2016,99.18411
CHN,2016,99.75694
CZE,2016,100.6663
DEU,2016,99.57849
DNK,2016,99.56565
EA19,2016,100.2404
ESP,2016,101.0641
EST,2016,101.1538
FIN,2016,100.4977
FRA,2016,100.2454
GBR,2016,99.96685
GRC,2016,102.2772
HUN,2016,99.65472
IDN,2016,97.89723
IND,2016,100.0687
IRL,2016,100.5234
ISR,2016,99.27416
ITA,2016,100.8079
JPN,2016,99.73843
KOR,2016,100.3803
MEX,2016,100.6644
NLD,2016,100.1456
NOR,2016,99.14586
NZL,2016,98.93609
POL,2016,100.9094
PRT,2016,100.2761
RUS,2016,97.54913
SVK,2016,99.98894
SVN,2016,101.2485
SWE,2016,99.6403
TUR,2016,97.00935
USA,2016,99.13493
ZAF,2016,100.0361
AUS,2017,100.283
AUT,2017,100.1017
BEL,2017,100.2816
BRA,2017,100.1573
CAN,2017,100.101
CHE,2017,99.77023
CHL,2017,98.20536
CHN,2017,100.0433
CZE,2017,99.79431
DEU,2017,99.97943
DNK,2017,100.143
EA19,2017,100.0582
ESP,2017,99.85836
EST,2017,101.9963
FIN,2017,101.2759
FRA,2017,100.1818
GBR,2017,100.2371
GRC,2017,99.92953
HUN,2017,99.86319
IDN,2017,99.82415
IND,2017,99.28542
IRL,2017,100.9068
ISR,2017,99.91308
ITA,2017,99.87325
JPN,2017,100.0093
KOR,2017,100.6956
MEX,2017,99.89046
NLD,2017,100.2871
NOR,2017,100.1522
NZL,2017,100.488
POL,2017,100.433
PRT,2017,100.0672
RUS,2017,100.3271
SVK,2017,99.61475
SVN,2017,100.6534
SWE,2017,99.66846
TUR,2017,98.56865
USA,2017,99.55937
ZAF,2017,99.49693
AUS,2018,99.8168
AUT,2018,101.3804
BEL,2018,100.3707
BRA,2018,103.6064
CAN,2018,100.4836
CHE,2018,100.9384
CHL,2018,102.2865
CHN,2018,98.91195
CZE,2018,99.45837
DEU,2018,100.8143
DNK,2018,100.4203
EA19,2018,100.489
ESP,2018,99.8884
EST,2018,99.94244
FIN,2018,101.3085
FRA,2018,100.2757
GBR,2018,99.24007
GRC,2018,99.3018
HUN,2018,100.5098
IDN,2018,99.78679
IND,2018,100.3099
IRL,2018,100.0028
ISR,2018,100.3828
ITA,2018,100.7534
JPN,2018,100.0642
KOR,2018,99.84818
MEX,2018,98.74695
NLD,2018,100.5684
NOR,2018,101.0382
NZL,2018,102.8406
POL,2018,99.20976
PRT,2018,99.74789
RUS,2018,101.0039
SVK,2018,100.8616
SVN,2018,100.013
SWE,2018,99.58158
TUR,2018,101.2102
USA,2018,99.99205
ZAF,2018,100.0799